ssn,age,education,marital-status,relationship,sex,income
723-72-3723,,HS-grad,,Own-child,,
940-94-0940,46.0,,,Unmarried,Female,
545-54-5545,31.0,,Never-married,Own-child,,
013-01-3013,,,Never-married,Own-child,,<=50K
039-03-9039,59.0,Some-college,Never-married,Not-in-family,,
157-15-7157,29.0,Bachelors,,Own-child,,
083-08-3083,59.0,Some-college,Divorced,Not-in-family,Male,
768-76-8768,18.0,,Never-married,,,<=50K
222-22-2222,24.0,Bachelors,Never-married,,Male,
725-72-5725,44.0,Some-college,Divorced,Not-in-family,,
111-11-1111,19.0,10th,Never-married,,,<=50K
460-46-0460,23.0,HS-grad,,Other-relative,Male,
996-99-6996,24.0,,Married-civ-spouse,Own-child,Female,<=50K
660-66-0660,33.0,Assoc-voc,Never-married,,Male,
585-58-5585,25.0,,Married-civ-spouse,Husband,Male,<=50K
733-73-3733,34.0,Some-college,Married-civ-spouse,Husband,,<=50K
283-28-3283,34.0,HS-grad,Married-civ-spouse,Husband,Male,
427-42-7427,36.0,Assoc-voc,Married-spouse-absent,,Female,<=50K
478-47-8478,,Some-college,Widowed,,,<=50K
869-86-9869,42.0,HS-grad,Married-civ-spouse,,Male,
286-28-6286,35.0,Bachelors,Married-civ-spouse,,,>50K
773-77-3773,42.0,Masters,Married-civ-spouse,,Male,>50K
238-23-8238,28.0,Bachelors,Never-married,Not-in-family,Female,
657-65-7657,29.0,HS-grad,Married-civ-spouse,,,
631-63-1631,34.0,,Married-civ-spouse,Husband,,>50K
959-95-9959,24.0,HS-grad,Never-married,Own-child,,
548-54-8548,56.0,Prof-school,Married-civ-spouse,Husband,Male,
710-71-0710,52.0,HS-grad,Divorced,,Female,<=50K
626-62-6626,61.0,Bachelors,,Other-relative,,<=50K
535-53-5535,,Assoc-acdm,,Not-in-family,Female,
615-61-5615,40.0,Assoc-acdm,,Husband,,
814-81-4814,34.0,HS-grad,,,Female,
892-89-2892,,HS-grad,,Not-in-family,,
577-57-7577,28.0,HS-grad,,Own-child,,<=50K
482-48-2482,46.0,Prof-school,Married-civ-spouse,Husband,Male,<=50K
693-69-3693,30.0,7th-8th,,Own-child,Female,<=50K
447-44-7447,24.0,,Never-married,Own-child,Female,<=50K
291-29-1291,18.0,Some-college,Never-married,Own-child,Male,
325-32-5325,56.0,,Widowed,,,<=50K
091-09-1091,52.0,Doctorate,Divorced,Unmarried,Female,>50K
547-54-7547,28.0,HS-grad,,Not-in-family,,>50K
896-89-6896,45.0,HS-grad,Divorced,Not-in-family,,
888-88-8888,70.0,Some-college,Widowed,Unmarried,Female,<=50K
070-07-0070,53.0,Masters,Married-civ-spouse,Husband,Male,
058-05-8058,30.0,Bachelors,,Unmarried,,
278-27-8278,,Masters,Never-married,Unmarried,Female,
506-50-6506,61.0,,Married-civ-spouse,Husband,,
367-36-7367,,HS-grad,,Husband,Male,
247-24-7247,37.0,,Divorced,Not-in-family,,
562-56-2562,31.0,Assoc-voc,,Not-in-family,,
680-68-0680,32.0,Bachelors,Divorced,Own-child,,>50K
842-84-2842,33.0,Some-college,Never-married,Not-in-family,,<=50K
031-03-1031,,HS-grad,Never-married,,Female,
705-70-5705,35.0,Bachelors,Married-civ-spouse,Husband,,
927-92-7927,36.0,Some-college,Married-civ-spouse,Husband,Male,<=50K
948-94-8948,56.0,,Married-civ-spouse,Husband,,
537-53-7537,43.0,HS-grad,Never-married,Unmarried,Female,
713-71-3713,42.0,HS-grad,Married-civ-spouse,Husband,,>50K
696-69-6696,31.0,,Never-married,Not-in-family,Female,
440-44-0440,26.0,7th-8th,Married-civ-spouse,Husband,Male,<=50K
712-71-2712,39.0,HS-grad,Married-civ-spouse,Husband,Male,<=50K
599-59-9599,,HS-grad,Married-civ-spouse,Husband,Male,>50K
473-47-3473,40.0,Prof-school,Separated,Unmarried,Female,<=50K
516-51-6516,41.0,10th,Married-civ-spouse,Husband,Male,<=50K
385-38-5385,39.0,HS-grad,Married-civ-spouse,Husband,Male,>50K
274-27-4274,25.0,Some-college,,Not-in-family,Male,
846-84-6846,30.0,,,,Female,
881-88-1881,,,Married-civ-spouse,Husband,Male,>50K
584-58-4584,,HS-grad,Divorced,,Female,<=50K
952-95-2952,52.0,Some-college,Married-civ-spouse,Husband,Male,
033-03-3033,45.0,Some-college,Widowed,,Female,<=50K
014-01-4014,64.0,Bachelors,Never-married,Not-in-family,Female,<=50K
650-65-0650,41.0,Some-college,Married-civ-spouse,,Male,>50K
322-32-2322,28.0,Some-college,Never-married,Own-child,,<=50K
204-20-4204,52.0,,,Wife,Female,>50K
126-12-6126,41.0,HS-grad,Married-civ-spouse,Husband,Male,
849-84-9849,30.0,HS-grad,Married-civ-spouse,Husband,Male,
235-23-5235,30.0,Bachelors,,Husband,,
067-06-7067,59.0,5th-6th,Married-civ-spouse,Husband,Male,
345-34-5345,30.0,Some-college,,Husband,Male,
666-66-6666,25.0,HS-grad,Never-married,Not-in-family,Male,
346-34-6346,21.0,,Never-married,Not-in-family,,
077-07-7077,54.0,HS-grad,Married-civ-spouse,Husband,,>50K
279-27-9279,34.0,,Never-married,Unmarried,,>50K
166-16-6166,41.0,9th,Never-married,Own-child,Male,
966-96-6966,,Some-college,Married-civ-spouse,Husband,,
687-68-7687,26.0,Bachelors,Married-civ-spouse,Other-relative,Male,<=50K
889-88-9889,28.0,HS-grad,,Husband,Male,
483-48-3483,20.0,HS-grad,Never-married,Own-child,,
503-50-3503,82.0,7th-8th,Married-civ-spouse,,Male,<=50K
417-41-7417,64.0,Bachelors,Widowed,Not-in-family,,<=50K
690-69-0690,64.0,Some-college,Never-married,Unmarried,Female,
151-15-1151,35.0,HS-grad,Married-civ-spouse,Husband,Male,>50K
943-94-3943,46.0,,Never-married,Unmarried,Female,
315-31-5315,30.0,,Married-civ-spouse,Husband,,<=50K
608-60-8608,55.0,,Married-civ-spouse,Husband,,
415-41-5415,20.0,,Never-married,Own-child,,<=50K
597-59-7597,73.0,10th,,Husband,,<=50K
480-48-0480,38.0,,Married-civ-spouse,,Male,<=50K
154-15-4154,42.0,10th,,Husband,,
534-53-4534,31.0,Assoc-voc,Never-married,Unmarried,Female,>50K
877-87-7877,34.0,HS-grad,Married-civ-spouse,Husband,,<=50K
964-96-4964,42.0,Some-college,,Wife,Female,<=50K
983-98-3983,23.0,HS-grad,,,Female,
094-09-4094,33.0,Some-college,Married-civ-spouse,Husband,,
451-45-1451,23.0,Some-college,Never-married,Own-child,Male,<=50K
864-86-4864,21.0,HS-grad,Never-married,Own-child,Female,<=50K
669-66-9669,20.0,HS-grad,Never-married,Own-child,,<=50K
954-95-4954,38.0,,Married-civ-spouse,Husband,Male,
497-49-7497,39.0,Masters,Married-civ-spouse,,Male,>50K
558-55-8558,41.0,,Never-married,Not-in-family,Male,<=50K
823-82-3823,48.0,9th,,,,
638-63-8638,41.0,,Separated,Unmarried,Female,<=50K
681-68-1681,64.0,7th-8th,Married-civ-spouse,Husband,Male,
113-11-3113,40.0,1st-4th,Never-married,,Male,>50K
056-05-6056,56.0,Bachelors,Married-spouse-absent,Not-in-family,,<=50K
790-79-0790,36.0,Bachelors,Divorced,,,>50K
972-97-2972,21.0,Some-college,Never-married,Own-child,,<=50K
809-80-9809,,11th,,,Male,
682-68-2682,31.0,Masters,Divorced,Unmarried,Male,
635-63-5635,,Some-college,Divorced,Unmarried,Female,
249-24-9249,29.0,,Never-married,Not-in-family,Male,
514-51-4514,24.0,11th,Never-married,,,<=50K
104-10-4104,17.0,Some-college,Never-married,Own-child,Female,<=50K
968-96-8968,32.0,,Never-married,Not-in-family,Male,>50K
955-95-5955,23.0,Some-college,Never-married,Own-child,,
854-85-4854,43.0,Assoc-acdm,Married-civ-spouse,Husband,,
686-68-6686,26.0,Masters,Married-civ-spouse,Husband,Male,
292-29-2292,53.0,Some-college,,Unmarried,Male,>50K
500-50-0500,44.0,1st-4th,Married-civ-spouse,Husband,Male,
572-57-2572,23.0,,Never-married,Own-child,,
532-53-2532,17.0,9th,Never-married,Not-in-family,Male,<=50K
418-41-8418,52.0,Bachelors,Married-civ-spouse,Husband,,<=50K
004-00-4004,45.0,Bachelors,Married-civ-spouse,Husband,,>50K
536-53-6536,45.0,11th,Divorced,Own-child,Female,<=50K
587-58-7587,29.0,,Divorced,Own-child,Female,
173-17-3173,,HS-grad,Never-married,Own-child,Male,<=50K
861-86-1861,62.0,,Widowed,Unmarried,,
366-36-6366,32.0,,Divorced,Unmarried,Female,
527-52-7527,39.0,Assoc-acdm,Separated,Not-in-family,,<=50K
264-26-4264,21.0,,,,,<=50K
900-90-0900,39.0,HS-grad,,Not-in-family,Male,<=50K
198-19-8198,29.0,,Separated,Not-in-family,,
557-55-7557,28.0,HS-grad,Separated,,Female,
748-74-8748,29.0,,Never-married,,,<=50K
135-13-5135,27.0,,Married-spouse-absent,Unmarried,Female,<=50K
133-13-3133,50.0,Some-college,Married-civ-spouse,Husband,Male,
495-49-5495,35.0,Some-college,,,Male,>50K
956-95-6956,,HS-grad,,Unmarried,Female,<=50K
256-25-6256,,Assoc-voc,Married-civ-spouse,,,<=50K
935-93-5935,33.0,Bachelors,Married-civ-spouse,Husband,,<=50K
830-83-0830,21.0,,Never-married,,,
377-37-7377,62.0,Some-college,Married-civ-spouse,Husband,,<=50K
336-33-6336,,,Never-married,Own-child,,<=50K
082-08-2082,47.0,Some-college,Married-civ-spouse,Husband,,<=50K
826-82-6826,56.0,10th,Married-civ-spouse,,Male,<=50K
476-47-6476,22.0,Some-college,,,Male,
402-40-2402,18.0,11th,Never-married,Own-child,Male,
048-04-8048,66.0,,Widowed,Not-in-family,Female,
071-07-1071,32.0,Some-college,,Husband,Male,
443-44-3443,,HS-grad,,Unmarried,,<=50K
859-85-9859,47.0,,Divorced,Not-in-family,,<=50K
463-46-3463,39.0,Some-college,Separated,Unmarried,Female,<=50K
698-69-8698,43.0,Masters,Married-civ-spouse,,,<=50K
799-79-9799,51.0,,Divorced,,,
917-91-7917,60.0,Some-college,Married-civ-spouse,,Male,
549-54-9549,57.0,Bachelors,Married-civ-spouse,Husband,Male,<=50K
817-81-7817,,Bachelors,Never-married,Not-in-family,,<=50K
046-04-6046,,Bachelors,Divorced,Unmarried,,>50K
069-06-9069,50.0,HS-grad,,Husband,,<=50K
409-40-9409,50.0,,Never-married,Other-relative,,>50K
879-87-9879,,10th,Married-civ-spouse,Husband,,<=50K
426-42-6426,41.0,11th,Married-civ-spouse,Husband,Male,<=50K
533-53-3533,72.0,Some-college,Married-civ-spouse,Husband,,<=50K
125-12-5125,25.0,Bachelors,Never-married,,Female,<=50K
246-24-6246,23.0,HS-grad,Married-civ-spouse,Husband,Male,
646-64-6646,64.0,HS-grad,Never-married,Not-in-family,,
525-52-5525,40.0,Some-college,Divorced,,Male,>50K
485-48-5485,36.0,9th,Divorced,Unmarried,,
539-53-9539,45.0,,,Husband,Male,>50K
358-35-8358,26.0,9th,Married-civ-spouse,Husband,Male,>50K
150-15-0150,36.0,HS-grad,Separated,Own-child,Male,>50K
909-90-9909,37.0,,Separated,Own-child,Female,
958-95-8958,48.0,,Married-civ-spouse,Husband,Male,
922-92-2922,23.0,,Never-married,,Male,
296-29-6296,23.0,Some-college,,Own-child,Female,
727-72-7727,47.0,HS-grad,Never-married,Own-child,Female,
017-01-7017,22.0,,,Own-child,Female,>50K
499-49-9499,35.0,HS-grad,Never-married,Unmarried,,<=50K
858-85-8858,33.0,Some-college,,Husband,,
092-09-2092,34.0,,Never-married,Not-in-family,,<=50K
665-66-5665,35.0,HS-grad,Married-civ-spouse,Husband,,<=50K
633-63-3633,34.0,Some-college,Married-civ-spouse,Husband,,
903-90-3903,18.0,HS-grad,,,,<=50K
740-74-0740,39.0,5th-6th,Married-civ-spouse,Wife,,<=50K
555-55-5555,18.0,,Never-married,Not-in-family,Male,<=50K
737-73-7737,36.0,Bachelors,Married-civ-spouse,Husband,,
352-35-2352,39.0,12th,Married-civ-spouse,Husband,,<=50K
554-55-4554,55.0,,Married-civ-spouse,Husband,Male,<=50K
827-82-7827,29.0,Some-college,Never-married,Not-in-family,,<=50K
765-76-5765,48.0,Some-college,Married-civ-spouse,Husband,Male,<=50K
551-55-1551,53.0,HS-grad,Separated,Unmarried,Female,
124-12-4124,,HS-grad,Never-married,Not-in-family,Male,>50K
685-68-5685,59.0,,Married-civ-spouse,Husband,Male,<=50K
072-07-2072,63.0,Bachelors,Married-civ-spouse,Husband,Male,
342-34-2342,63.0,,Married-civ-spouse,Husband,,
894-89-4894,,Bachelors,,Unmarried,Female,<=50K
701-70-1701,66.0,Assoc-voc,,Not-in-family,Female,<=50K
947-94-7947,,,,Own-child,,>50K
910-91-0910,33.0,,Never-married,,,<=50K
197-19-7197,23.0,Some-college,Never-married,,Male,<=50K
841-84-1841,46.0,,,Husband,,>50K
431-43-1431,18.0,11th,,Unmarried,Female,<=50K
754-75-4754,36.0,HS-grad,,Husband,,<=50K
624-62-4624,40.0,Bachelors,Married-civ-spouse,Husband,,
673-67-3673,34.0,HS-grad,Married-civ-spouse,Wife,Female,
550-55-0550,37.0,1st-4th,Never-married,Not-in-family,Male,<=50K
751-75-1751,42.0,HS-grad,Divorced,Not-in-family,Female,>50K
470-47-0470,19.0,Some-college,Never-married,Own-child,,<=50K
331-33-1331,48.0,Bachelors,,,Male,<=50K
520-52-0520,22.0,Some-college,Never-married,Own-child,,<=50K
699-69-9699,67.0,Some-college,,,Male,
311-31-1311,29.0,,Married-AF-spouse,Husband,Male,<=50K
161-16-1161,34.0,10th,,,Female,
820-82-0820,32.0,,,Husband,,>50K
801-80-1801,,,Never-married,,,
195-19-5195,51.0,,Divorced,Unmarried,,
321-32-1321,40.0,9th,Married-civ-spouse,Husband,,>50K
162-16-2162,32.0,HS-grad,Never-married,,,<=50K
467-46-7467,19.0,HS-grad,Divorced,Unmarried,Female,<=50K
636-63-6636,,Some-college,Married-civ-spouse,Husband,Male,<=50K
061-06-1061,52.0,,Married-civ-spouse,Husband,Male,>50K
807-80-7807,26.0,Some-college,Never-married,Other-relative,Male,
963-96-3963,31.0,HS-grad,Married-civ-spouse,Husband,,
374-37-4374,46.0,Bachelors,Married-civ-spouse,Husband,Male,<=50K
129-12-9129,48.0,Some-college,Divorced,Not-in-family,,
571-57-1571,22.0,Assoc-acdm,Never-married,Not-in-family,Male,
211-21-1211,55.0,,Widowed,Not-in-family,Female,>50K
579-57-9579,46.0,,,Husband,Male,
899-89-9899,,,Divorced,Own-child,Male,>50K
453-45-3453,42.0,11th,Divorced,,,
573-57-3573,42.0,Bachelors,Married-civ-spouse,Husband,,>50K
989-98-9989,43.0,HS-grad,,Other-relative,,>50K
543-54-3543,,12th,Married-civ-spouse,Husband,Male,
588-58-8588,39.0,Prof-school,Divorced,Unmarried,,
269-26-9269,30.0,Some-college,Never-married,Not-in-family,Female,<=50K
340-34-0340,21.0,,,Own-child,Male,<=50K
620-62-0620,23.0,,Married-civ-spouse,Husband,Male,
219-21-9219,50.0,Masters,Married-civ-spouse,Husband,Male,>50K
170-17-0170,48.0,Bachelors,Separated,Not-in-family,,
578-57-8578,74.0,,Widowed,Not-in-family,Female,>50K
213-21-3213,18.0,11th,Never-married,,Female,<=50K
486-48-6486,62.0,HS-grad,Married-civ-spouse,Wife,Female,<=50K
155-15-5155,34.0,Bachelors,Married-civ-spouse,Wife,Female,
076-07-6076,64.0,HS-grad,,,Male,
273-27-3273,57.0,,Married-civ-spouse,Husband,Male,>50K
816-81-6816,19.0,HS-grad,Never-married,Own-child,,
349-34-9349,21.0,Some-college,Never-married,Own-child,Female,<=50K
528-52-8528,21.0,Some-college,,,Female,<=50K
375-37-5375,38.0,Some-college,,Husband,Male,
813-81-3813,35.0,9th,,Husband,Male,
015-01-5015,36.0,HS-grad,Married-civ-spouse,Husband,Male,
208-20-8208,,,Married-civ-spouse,Husband,Male,<=50K
925-92-5925,32.0,Assoc-voc,Married-civ-spouse,,Male,>50K
704-70-4704,50.0,,Divorced,Unmarried,,
706-70-6706,46.0,HS-grad,Married-civ-spouse,,,<=50K
884-88-4884,66.0,HS-grad,Married-civ-spouse,Husband,Male,
779-77-9779,17.0,HS-grad,,Own-child,Male,<=50K
172-17-2172,65.0,1st-4th,,Husband,,<=50K
369-36-9369,,Masters,Never-married,Not-in-family,,
717-71-7717,30.0,Bachelors,,,,
593-59-3593,42.0,,Separated,,,
110-11-0110,35.0,HS-grad,Never-married,Not-in-family,Male,
670-67-0670,80.0,,,,Male,<=50K
746-74-6746,,Some-college,Married-civ-spouse,Husband,Male,
513-51-3513,41.0,Bachelors,,,Female,<=50K
975-97-5975,19.0,Some-college,Never-married,,Male,<=50K
616-61-6616,37.0,Some-college,Divorced,,,
762-76-2762,31.0,Masters,Never-married,Own-child,Male,
488-48-8488,,Some-college,Never-married,,Male,>50K
390-39-0390,22.0,HS-grad,Married-civ-spouse,Husband,Male,<=50K
689-68-9689,28.0,HS-grad,Married-civ-spouse,,,
134-13-4134,21.0,Some-college,Never-married,Own-child,,<=50K
832-83-2832,49.0,Some-college,Married-civ-spouse,Husband,Male,>50K
054-05-4054,19.0,HS-grad,Never-married,Not-in-family,Female,
511-51-1511,39.0,HS-grad,Married-civ-spouse,Husband,,<=50K
738-73-8738,24.0,HS-grad,Never-married,,,
019-01-9019,50.0,Assoc-voc,Widowed,Not-in-family,Female,<=50K
457-45-7457,46.0,Masters,,Not-in-family,,<=50K
045-04-5045,34.0,Some-college,Never-married,Own-child,Female,<=50K
589-58-9589,34.0,,Never-married,Not-in-family,Female,
250-25-0250,34.0,HS-grad,,Husband,,<=50K
484-48-4484,34.0,12th,Married-civ-spouse,,,<=50K
882-88-2882,68.0,Doctorate,Married-civ-spouse,Husband,,<=50K
316-31-6316,30.0,Assoc-voc,Married-civ-spouse,Other-relative,Male,<=50K
487-48-7487,51.0,,Married-civ-spouse,Husband,,
410-41-0410,45.0,Some-college,Married-civ-spouse,Husband,Male,
580-58-0580,43.0,Assoc-voc,,,,>50K
429-42-9429,19.0,11th,,,Female,<=50K
697-69-7697,28.0,11th,Married-civ-spouse,,Male,<=50K
131-13-1131,21.0,,Never-married,,,
196-19-6196,40.0,9th,Married-civ-spouse,,,
265-26-5265,64.0,Masters,,Not-in-family,,>50K
724-72-4724,38.0,10th,,Husband,Male,
969-96-9969,26.0,7th-8th,Never-married,Not-in-family,,<=50K
757-75-7757,30.0,,Married-civ-spouse,Husband,Male,
118-11-8118,43.0,HS-grad,Married-civ-spouse,Husband,Male,
288-28-8288,50.0,,Married-civ-spouse,Husband,Male,<=50K
018-01-8018,46.0,,,Unmarried,Female,<=50K
290-29-0290,40.0,Prof-school,,Husband,Male,
721-72-1721,22.0,,,,,<=50K
466-46-6466,,,Married-civ-spouse,Husband,Male,
354-35-4354,37.0,HS-grad,,Husband,Male,
628-62-8628,33.0,,,Husband,Male,<=50K
064-06-4064,44.0,Some-college,Widowed,Unmarried,Female,
824-82-4824,47.0,Bachelors,Married-civ-spouse,Husband,Male,<=50K
674-67-4674,21.0,,Never-married,Not-in-family,,<=50K
930-93-0930,25.0,Bachelors,Never-married,Own-child,Female,
871-87-1871,41.0,11th,Married-civ-spouse,,Male,
295-29-5295,36.0,Bachelors,Never-married,Unmarried,,<=50K
492-49-2492,,HS-grad,Married-civ-spouse,Husband,,
471-47-1471,,HS-grad,Married-civ-spouse,Husband,,<=50K
382-38-2382,51.0,Bachelors,Married-civ-spouse,Husband,,<=50K
191-19-1191,44.0,11th,Married-civ-spouse,Husband,,<=50K
844-84-4844,44.0,,Married-civ-spouse,Husband,,
085-08-5085,,,Widowed,Not-in-family,,
301-30-1301,32.0,Some-college,,Unmarried,,
119-11-9119,46.0,HS-grad,Divorced,Unmarried,Female,<=50K
032-03-2032,73.0,Prof-school,Married-civ-spouse,Husband,,<=50K
175-17-5175,27.0,,,Not-in-family,,<=50K
063-06-3063,28.0,HS-grad,Married-civ-spouse,Husband,,
023-02-3023,22.0,Some-college,Never-married,,Male,
865-86-5865,30.0,HS-grad,Married-civ-spouse,Husband,,>50K
089-08-9089,45.0,Doctorate,,Unmarried,Male,>50K
206-20-6206,19.0,HS-grad,,,Male,<=50K
912-91-2912,,Bachelors,Married-civ-spouse,,Male,<=50K
034-03-4034,29.0,,Married-civ-spouse,Husband,,<=50K
843-84-3843,34.0,Some-college,Divorced,Not-in-family,Female,<=50K
116-11-6116,,,Never-married,Own-child,Female,<=50K
490-49-0490,57.0,7th-8th,Married-civ-spouse,Husband,Male,<=50K
995-99-5995,35.0,Assoc-voc,Divorced,Not-in-family,Female,
784-78-4784,41.0,,Married-civ-spouse,Husband,,<=50K
391-39-1391,62.0,HS-grad,Widowed,Not-in-family,,>50K
880-88-0880,53.0,,Married-civ-spouse,Husband,,
750-75-0750,34.0,,Married-civ-spouse,,,<=50K
287-28-7287,54.0,Some-college,,Husband,Male,<=50K
337-33-7337,17.0,HS-grad,,Other-relative,,
144-14-4144,38.0,Assoc-acdm,,Husband,Male,
883-88-3883,21.0,Some-college,Never-married,Own-child,Female,<=50K
062-06-2062,,Bachelors,Never-married,,Female,
132-13-2132,21.0,HS-grad,,Own-child,Female,
630-63-0630,48.0,,Married-civ-spouse,Husband,Male,<=50K
275-27-5275,44.0,Assoc-acdm,Divorced,Not-in-family,,<=50K
661-66-1661,48.0,Some-college,,Other-relative,,<=50K
293-29-3293,33.0,,Never-married,Own-child,,
908-90-8908,30.0,,Divorced,Unmarried,Female,
598-59-8598,30.0,,,Husband,Male,
759-75-9759,44.0,Bachelors,,Husband,Male,
073-07-3073,29.0,Some-college,Never-married,Not-in-family,Male,
407-40-7407,,,,,Female,<=50K
988-98-8988,43.0,Assoc-voc,Married-civ-spouse,Husband,Male,<=50K
454-45-4454,29.0,9th,Never-married,,Male,>50K
862-86-2862,34.0,,,Own-child,Female,
798-79-8798,44.0,Masters,Divorced,Not-in-family,Female,<=50K
778-77-8778,26.0,,Never-married,,Male,
743-74-3743,32.0,HS-grad,Never-married,Not-in-family,Female,
147-14-7147,42.0,Bachelors,Divorced,Unmarried,Female,
691-69-1691,45.0,HS-grad,Separated,Not-in-family,,>50K
079-07-9079,46.0,Some-college,Married-civ-spouse,,,>50K
335-33-5335,41.0,,Separated,Unmarried,Female,<=50K
938-93-8938,41.0,Some-college,Divorced,Unmarried,,
904-90-4904,36.0,Some-college,Divorced,Not-in-family,,>50K
825-82-5825,,Assoc-voc,Married-civ-spouse,Wife,,<=50K
326-32-6326,18.0,HS-grad,Never-married,Own-child,,
758-75-8758,43.0,,Married-civ-spouse,Husband,Male,>50K
971-97-1971,28.0,Prof-school,,Husband,,<=50K
378-37-8378,31.0,Bachelors,Never-married,,,<=50K
944-94-4944,62.0,Bachelors,Married-civ-spouse,,,<=50K
818-81-8818,47.0,,,Not-in-family,Female,<=50K
029-02-9029,18.0,Some-college,Never-married,Own-child,Female,<=50K
007-00-7007,62.0,7th-8th,Married-civ-spouse,,Male,<=50K
121-12-1121,19.0,HS-grad,Never-married,Not-in-family,,<=50K
108-10-8108,54.0,10th,Married-civ-spouse,,Male,
932-93-2932,28.0,Bachelors,,Own-child,Male,<=50K
730-73-0730,39.0,,Married-civ-spouse,,,
985-98-5985,21.0,,,,Female,<=50K
753-75-3753,44.0,HS-grad,Married-civ-spouse,,Male,>50K
272-27-2272,41.0,,,Husband,Male,
363-36-3363,,HS-grad,,Own-child,Male,>50K
610-61-0610,35.0,Assoc-acdm,Never-married,Not-in-family,Female,<=50K
040-04-0040,52.0,Some-college,Married-civ-spouse,Husband,,<=50K
101-10-1101,31.0,,Never-married,Not-in-family,,
755-75-5755,,11th,Married-civ-spouse,Husband,,<=50K
752-75-2752,33.0,,Married-civ-spouse,,,>50K
253-25-3253,48.0,,Married-civ-spouse,Husband,Male,
090-09-0090,22.0,Some-college,Never-married,,Male,
839-83-9839,45.0,,Never-married,Not-in-family,,
648-64-8648,29.0,Bachelors,Never-married,Not-in-family,,>50K
603-60-3603,48.0,Masters,Married-civ-spouse,Husband,Male,
793-79-3793,29.0,Prof-school,Married-civ-spouse,Husband,,<=50K
284-28-4284,33.0,HS-grad,Divorced,Not-in-family,Male,
002-00-2002,64.0,,,,,
997-99-7997,68.0,,,Husband,,
777-77-7777,35.0,,Married-civ-spouse,,Male,<=50K
037-03-7037,32.0,Assoc-voc,,,Male,>50K
323-32-3323,32.0,HS-grad,Never-married,Not-in-family,,
575-57-5575,29.0,7th-8th,Divorced,Not-in-family,Male,
629-62-9629,,Bachelors,Married-civ-spouse,Husband,Male,
639-63-9639,24.0,Some-college,Never-married,Own-child,Female,<=50K
845-84-5845,46.0,HS-grad,Married-civ-spouse,Husband,Male,
641-64-1641,59.0,,Married-civ-spouse,Husband,Male,<=50K
477-47-7477,42.0,HS-grad,Never-married,Not-in-family,Male,
720-72-0720,42.0,Bachelors,,Husband,Male,>50K
148-14-8148,25.0,HS-grad,Married-civ-spouse,Husband,Male,
672-67-2672,39.0,Bachelors,Married-civ-spouse,Husband,Male,
364-36-4364,49.0,,,Husband,,>50K
542-54-2542,35.0,Some-college,Married-civ-spouse,Husband,Male,>50K
080-08-0080,36.0,,Married-civ-spouse,Husband,,
568-56-8568,57.0,9th,Married-civ-spouse,Husband,Male,
933-93-3933,21.0,,Never-married,Own-child,Male,<=50K
464-46-4464,42.0,,Divorced,,,<=50K
333-33-3333,29.0,HS-grad,Never-married,,Male,<=50K
794-79-4794,,,Never-married,Not-in-family,Female,<=50K
623-62-3623,50.0,5th-6th,Married-civ-spouse,Husband,Male,
647-64-7647,18.0,,Never-married,Own-child,,
005-00-5005,,Bachelors,,Not-in-family,,<=50K
420-42-0420,41.0,Some-college,Married-civ-spouse,,Male,<=50K
668-66-8668,42.0,HS-grad,Married-civ-spouse,Husband,Male,
123-12-3123,55.0,HS-grad,Married-civ-spouse,,,>50K
012-01-2012,24.0,Bachelors,Married-civ-spouse,Husband,,
652-65-2652,,HS-grad,Married-civ-spouse,Husband,Male,
095-09-5095,48.0,,Never-married,Unmarried,Female,
355-35-5355,,Some-college,Married-civ-spouse,Husband,Male,<=50K
965-96-5965,23.0,HS-grad,Never-married,Unmarried,Female,<=50K
398-39-8398,30.0,HS-grad,Divorced,Other-relative,Male,<=50K
270-27-0270,31.0,Bachelors,,Not-in-family,Female,>50K
475-47-5475,23.0,,Never-married,Own-child,Female,
452-45-2452,35.0,,Married-civ-spouse,Husband,,
510-51-0510,45.0,HS-grad,Widowed,Unmarried,,
359-35-9359,31.0,10th,Never-married,Not-in-family,Male,
036-03-6036,32.0,Some-college,Never-married,Not-in-family,Female,<=50K
595-59-5595,45.0,Some-college,Married-civ-spouse,,,>50K
756-75-6756,78.0,HS-grad,Married-civ-spouse,,Male,
607-60-7607,27.0,Some-college,Married-civ-spouse,Husband,Male,
950-95-0950,44.0,,Married-civ-spouse,Husband,Male,
521-52-1521,49.0,Some-college,,Not-in-family,Female,<=50K
043-04-3043,55.0,Some-college,,,,<=50K
016-01-6016,34.0,,,,Male,>50K
769-76-9769,27.0,Bachelors,Never-married,,,
999-99-9999,31.0,,,,Male,<=50K
262-26-2262,,Some-college,Married-civ-spouse,Husband,,
248-24-8248,23.0,Bachelors,Never-married,,Male,<=50K
263-26-3263,,,Married-civ-spouse,Husband,Male,<=50K
242-24-2242,46.0,,Married-civ-spouse,Husband,Male,
634-63-4634,61.0,Some-college,Married-civ-spouse,,,
970-97-0970,44.0,,,Husband,Male,<=50K
438-43-8438,36.0,Masters,,Unmarried,Male,
953-95-3953,28.0,5th-6th,,Husband,,<=50K
907-90-7907,82.0,,Widowed,Unmarried,Female,<=50K
860-86-0860,24.0,,Married-civ-spouse,,Male,<=50K
708-70-8708,36.0,Masters,Married-civ-spouse,Husband,Male,
136-13-6136,33.0,Bachelors,,Not-in-family,,<=50K
502-50-2502,60.0,HS-grad,Widowed,Not-in-family,Female,
703-70-3703,,HS-grad,Married-civ-spouse,Wife,Female,
582-58-2582,50.0,,,Husband,Male,
868-86-8868,38.0,,Married-civ-spouse,Husband,,
128-12-8128,36.0,HS-grad,Never-married,Not-in-family,,
189-18-9189,,10th,Married-civ-spouse,Husband,,>50K
564-56-4564,47.0,Bachelors,Married-civ-spouse,,Male,
836-83-6836,46.0,Some-college,Married-civ-spouse,Husband,Male,
574-57-4574,17.0,,Never-married,Not-in-family,,
408-40-8408,28.0,Some-college,Never-married,,Female,<=50K
692-69-2692,19.0,HS-grad,,Own-child,Male,
230-23-0230,,Assoc-voc,Divorced,,,<=50K
199-19-9199,48.0,Prof-school,Married-civ-spouse,,Male,<=50K
819-81-9819,42.0,Assoc-voc,Married-civ-spouse,Wife,Female,<=50K
722-72-2722,31.0,HS-grad,,Unmarried,Female,>50K
030-03-0030,23.0,Some-college,Never-married,,Female,
729-72-9729,,,Married-civ-spouse,,,<=50K
244-24-4244,25.0,HS-grad,Divorced,Not-in-family,Male,
949-94-9949,32.0,HS-grad,Married-civ-spouse,Husband,Male,
210-21-0210,33.0,HS-grad,Married-civ-spouse,Husband,,<=50K
671-67-1671,63.0,Bachelors,,Husband,,<=50K
771-77-1771,44.0,Masters,Never-married,Not-in-family,,
201-20-1201,35.0,Masters,Married-civ-spouse,Husband,,<=50K
303-30-3303,19.0,11th,Never-married,Own-child,,
047-04-7047,29.0,HS-grad,,Not-in-family,Female,<=50K
229-22-9229,21.0,HS-grad,,,Female,
096-09-6096,23.0,,Married-civ-spouse,,Male,<=50K
569-56-9569,56.0,Bachelors,Never-married,Own-child,Female,<=50K
373-37-3373,28.0,,Married-civ-spouse,Husband,Male,<=50K
998-99-8998,19.0,,Never-married,Own-child,Male,<=50K
403-40-3403,37.0,Masters,Divorced,,,
716-71-6716,,5th-6th,,Not-in-family,Male,<=50K
160-16-0160,22.0,11th,Never-married,Own-child,Male,
180-18-0180,45.0,7th-8th,Married-civ-spouse,Husband,,<=50K
105-10-5105,37.0,Bachelors,Divorced,Not-in-family,Female,
519-51-9519,46.0,,Divorced,Not-in-family,Male,
761-76-1761,,HS-grad,Married-civ-spouse,Husband,Male,
022-02-2022,30.0,,,Not-in-family,Male,
115-11-5115,30.0,HS-grad,,Husband,Male,<=50K
906-90-6906,30.0,,Never-married,Not-in-family,Female,<=50K
465-46-5465,18.0,,Never-married,Other-relative,Male,<=50K
967-96-7967,28.0,,Married-civ-spouse,Wife,Female,<=50K
664-66-4664,56.0,HS-grad,Divorced,Not-in-family,,<=50K
181-18-1181,38.0,Prof-school,Divorced,,Female,
780-78-0780,31.0,HS-grad,,,,
760-76-0760,54.0,Some-college,,Husband,,
576-57-6576,53.0,HS-grad,Married-civ-spouse,Husband,Male,>50K
227-22-7227,38.0,,Never-married,Not-in-family,Female,>50K
167-16-7167,31.0,Some-college,Married-civ-spouse,Husband,,>50K
074-07-4074,31.0,Bachelors,Never-married,Not-in-family,,>50K
926-92-6926,34.0,Some-college,Married-civ-spouse,Wife,,<=50K
178-17-8178,46.0,HS-grad,Divorced,Unmarried,,>50K
642-64-2642,19.0,Some-college,Never-married,Own-child,Female,<=50K
202-20-2202,49.0,HS-grad,Divorced,Unmarried,Female,<=50K
024-02-4024,21.0,Assoc-voc,Married-civ-spouse,Husband,,
530-53-0530,45.0,12th,Divorced,Not-in-family,,>50K
905-90-5905,41.0,Some-college,Never-married,Unmarried,,
221-22-1221,45.0,Bachelors,Married-civ-spouse,,Male,
209-20-9209,,HS-grad,,Own-child,,>50K
223-22-3223,37.0,HS-grad,Married-civ-spouse,Husband,,
439-43-9439,53.0,HS-grad,,Husband,,
186-18-6186,28.0,,Never-married,Unmarried,Female,>50K
491-49-1491,39.0,12th,Married-civ-spouse,Husband,Male,<=50K
984-98-4984,42.0,Some-college,Never-married,Not-in-family,Male,<=50K
601-60-1601,30.0,Some-college,Separated,Other-relative,Male,
617-61-7617,35.0,Bachelors,Married-civ-spouse,,Female,
182-18-2182,61.0,Some-college,Married-civ-spouse,Husband,Male,
924-92-4924,74.0,HS-grad,Divorced,Not-in-family,Male,
942-94-2942,,,Married-civ-spouse,Husband,,
742-74-2742,26.0,HS-grad,Divorced,Not-in-family,,
267-26-7267,21.0,Some-college,,Own-child,Male,
800-80-0800,61.0,Masters,,Husband,Male,
522-52-2522,42.0,,Married-civ-spouse,Husband,,>50K
372-37-2372,53.0,Bachelors,Married-civ-spouse,Husband,Male,>50K
804-80-4804,23.0,HS-grad,Married-civ-spouse,Own-child,Female,
934-93-4934,56.0,,Divorced,Unmarried,,<=50K
821-82-1821,40.0,HS-grad,Divorced,Unmarried,,<=50K
921-92-1921,36.0,,,,,<=50K
739-73-9739,28.0,Masters,,Husband,,>50K
916-91-6916,19.0,,Never-married,Own-child,,
177-17-7177,30.0,Some-college,Never-married,Own-child,,<=50K
702-70-2702,28.0,HS-grad,Never-married,Own-child,Male,
396-39-6396,28.0,HS-grad,Married-civ-spouse,,Male,<=50K
867-86-7867,,,Married-civ-spouse,Husband,,<=50K
874-87-4874,40.0,,,Unmarried,Female,
788-78-8788,36.0,,Never-married,,Male,<=50K
544-54-4544,56.0,HS-grad,Widowed,Other-relative,Female,<=50K
508-50-8508,34.0,HS-grad,Divorced,Not-in-family,Male,>50K
001-00-1001,57.0,Some-college,,,Male,
936-93-6936,55.0,Prof-school,Married-civ-spouse,Husband,Male,<=50K
828-82-8828,41.0,Doctorate,Divorced,Not-in-family,,
414-41-4414,,HS-grad,,Other-relative,,<=50K
711-71-1711,39.0,Some-college,Divorced,Unmarried,,
055-05-5055,53.0,,Married-civ-spouse,Husband,,<=50K
504-50-4504,31.0,HS-grad,Married-civ-spouse,Husband,Male,<=50K
919-91-9919,42.0,,Never-married,Not-in-family,Female,<=50K
643-64-3643,17.0,Some-college,Never-married,Own-child,Male,
494-49-4494,25.0,Preschool,Never-married,,,<=50K
911-91-1911,26.0,Bachelors,Never-married,Own-child,,<=50K
918-91-8918,35.0,Bachelors,Married-civ-spouse,Husband,,>50K
590-59-0590,37.0,Bachelors,,,Female,<=50K
675-67-5675,24.0,Bachelors,Never-married,,,
540-54-0540,50.0,Some-college,Divorced,Not-in-family,,<=50K
640-64-0640,49.0,Bachelors,Married-civ-spouse,,,
237-23-7237,28.0,,Never-married,Own-child,,<=50K
179-17-9179,39.0,,Never-married,,,
400-40-0400,25.0,HS-grad,Never-married,,Male,
038-03-8038,,,,,Female,<=50K
987-98-7987,47.0,Bachelors,Divorced,,,<=50K
086-08-6086,,,Married-civ-spouse,Husband,Male,
632-63-2632,38.0,,,Husband,Male,<=50K
749-74-9749,64.0,Doctorate,Divorced,Not-in-family,,
065-06-5065,,HS-grad,Never-married,,Male,
093-09-3093,50.0,Some-college,,Husband,,
766-76-6766,21.0,11th,,Husband,Male,<=50K
611-61-1611,40.0,5th-6th,,,Male,<=50K
421-42-1421,39.0,Some-college,Divorced,Not-in-family,,<=50K
803-80-3803,52.0,Assoc-voc,Separated,,Female,<=50K
847-84-7847,57.0,7th-8th,,Husband,,<=50K
974-97-4974,32.0,HS-grad,Divorced,Unmarried,Female,
084-08-4084,21.0,Some-college,Never-married,Not-in-family,Male,<=50K
732-73-2732,33.0,,Married-civ-spouse,Husband,Male,<=50K
217-21-7217,57.0,,Divorced,Unmarried,,<=50K
621-62-1621,61.0,Bachelors,Married-civ-spouse,Husband,Male,
512-51-2512,53.0,,Married-civ-spouse,Husband,,<=50K
450-45-0450,40.0,Bachelors,Married-civ-spouse,Husband,Male,
741-74-1741,44.0,,Married-civ-spouse,Husband,,<=50K
025-02-5025,40.0,Bachelors,Never-married,,Female,
787-78-7787,53.0,,Married-civ-spouse,Wife,Female,
625-62-5625,61.0,Doctorate,Married-civ-spouse,,,<=50K
850-85-0850,41.0,,,Unmarried,Female,
505-50-5505,,,,Other-relative,Male,<=50K
423-42-3423,43.0,,Married-civ-spouse,Husband,,
776-77-6776,43.0,Masters,Never-married,,,<=50K
422-42-2422,36.0,,Never-married,Not-in-family,Male,>50K
399-39-9399,56.0,,Never-married,Not-in-family,,<=50K
145-14-5145,47.0,Doctorate,Widowed,Not-in-family,,<=50K
848-84-8848,,HS-grad,Never-married,,,<=50K
923-92-3923,57.0,HS-grad,Married-civ-spouse,Husband,,
184-18-4184,24.0,Bachelors,,Not-in-family,Female,
613-61-3613,49.0,HS-grad,Divorced,Unmarried,Female,<=50K
872-87-2872,44.0,HS-grad,Married-civ-spouse,Husband,,>50K
993-99-3993,29.0,HS-grad,Never-married,Own-child,,<=50K
509-50-9509,27.0,HS-grad,Never-married,Not-in-family,Male,
305-30-5305,29.0,HS-grad,Married-civ-spouse,Husband,Male,
112-11-2112,62.0,HS-grad,,Husband,Male,
159-15-9159,35.0,Some-college,Never-married,Other-relative,Male,<=50K
188-18-8188,32.0,Masters,,Not-in-family,Male,>50K
449-44-9449,39.0,Bachelors,Never-married,Not-in-family,,<=50K
436-43-6436,36.0,Bachelors,Divorced,Not-in-family,Female,
334-33-4334,17.0,,,,Male,<=50K
523-52-3523,40.0,Bachelors,,Husband,Male,
683-68-3683,41.0,Bachelors,,Husband,Male,>50K
592-59-2592,38.0,,Never-married,Not-in-family,Female,
050-05-0050,21.0,,,Own-child,,<=50K
437-43-7437,40.0,HS-grad,Divorced,Unmarried,Female,<=50K
406-40-6406,,,Never-married,Not-in-family,,
051-05-1051,23.0,,Never-married,,,
552-55-2552,25.0,,Never-married,Not-in-family,,
433-43-3433,44.0,,Divorced,Unmarried,Male,>50K
622-62-2622,22.0,Assoc-acdm,,Own-child,Female,<=50K
117-11-7117,35.0,,,,Male,
781-78-1781,28.0,Assoc-voc,Never-married,,Male,
878-87-8878,37.0,5th-6th,Divorced,,,
066-06-6066,29.0,Assoc-acdm,,Wife,,>50K
164-16-4164,,Assoc-voc,,Unmarried,Male,
139-13-9139,23.0,Some-college,Never-married,Not-in-family,Female,<=50K
027-02-7027,58.0,,Married-civ-spouse,Husband,,
937-93-7937,40.0,,Married-civ-spouse,Husband,Male,>50K
011-01-1011,,HS-grad,Married-civ-spouse,Husband,Male,<=50K
980-98-0980,25.0,,Never-married,Not-in-family,Female,<=50K
100-10-0100,22.0,Some-college,Never-married,Other-relative,Male,<=50K
493-49-3493,35.0,HS-grad,Never-married,,,<=50K
389-38-9389,60.0,HS-grad,Married-civ-spouse,,,<=50K
458-45-8458,36.0,HS-grad,,Husband,,<=50K
891-89-1891,37.0,Some-college,Married-civ-spouse,Husband,,>50K
707-70-7707,20.0,11th,Never-married,Own-child,Male,<=50K
392-39-2392,60.0,Bachelors,,Wife,,<=50K
679-67-9679,22.0,Some-college,Married-civ-spouse,,Female,
255-25-5255,40.0,HS-grad,Married-civ-spouse,,Female,
812-81-2812,27.0,Bachelors,Married-civ-spouse,,Male,<=50K
445-44-5445,33.0,HS-grad,,Not-in-family,Female,
913-91-3913,51.0,HS-grad,,Not-in-family,Female,<=50K
419-41-9419,22.0,Some-college,,Husband,Male,<=50K
586-58-6586,46.0,,Divorced,Unmarried,Female,>50K
143-14-3143,21.0,,,Unmarried,,<=50K
977-97-7977,33.0,Some-college,Never-married,,Female,
855-85-5855,38.0,HS-grad,Married-civ-spouse,Husband,,
915-91-5915,44.0,Bachelors,Separated,Not-in-family,,<=50K
822-82-2822,18.0,Some-college,,Own-child,Male,
653-65-3653,32.0,,,Husband,Male,<=50K
898-89-8898,,Some-college,,Husband,,
258-25-8258,,Bachelors,Never-married,,Female,
171-17-1171,38.0,Bachelors,Married-civ-spouse,Husband,Male,>50K
961-96-1961,27.0,,Never-married,Not-in-family,,<=50K
365-36-5365,46.0,,Married-civ-spouse,Husband,Male,<=50K
515-51-5515,29.0,,Divorced,Not-in-family,Female,
261-26-1261,34.0,,Married-civ-spouse,,Male,
404-40-4404,41.0,Assoc-voc,Never-married,Not-in-family,Male,<=50K
764-76-4764,34.0,12th,Married-civ-spouse,,,<=50K
507-50-7507,80.0,,Married-civ-spouse,Husband,Male,
380-38-0380,34.0,HS-grad,Married-civ-spouse,Husband,,
384-38-4384,44.0,HS-grad,Separated,Not-in-family,,<=50K
193-19-3193,41.0,Bachelors,Never-married,Not-in-family,,<=50K
745-74-5745,38.0,10th,,Unmarried,Male,<=50K
834-83-4834,58.0,9th,Divorced,Not-in-family,,>50K
684-68-4684,60.0,,,Unmarried,,<=50K
796-79-6796,22.0,,Separated,Own-child,Male,
386-38-6386,,HS-grad,,Not-in-family,,<=50K
412-41-2412,,,Separated,Not-in-family,,>50K
026-02-6026,28.0,Bachelors,Never-married,Own-child,Male,<=50K
837-83-7837,36.0,Some-college,Married-civ-spouse,Husband,,
901-90-1901,46.0,HS-grad,Divorced,,Male,
174-17-4174,32.0,HS-grad,Divorced,Unmarried,Female,>50K
594-59-4594,25.0,Assoc-voc,Divorced,Unmarried,,<=50K
939-93-9939,19.0,Some-college,,Own-child,,
205-20-5205,48.0,,Married-civ-spouse,Husband,,
718-71-8718,37.0,5th-6th,Never-married,Not-in-family,,
343-34-3343,58.0,Some-college,,Not-in-family,Male,<=50K
163-16-3163,,,,Not-in-family,,
982-98-2982,43.0,,Married-civ-spouse,Husband,Male,<=50K
890-89-0890,33.0,Some-college,Married-civ-spouse,Wife,,
853-85-3853,64.0,,,Husband,Male,
397-39-7397,46.0,,Divorced,Own-child,Male,<=50K
266-26-6266,48.0,Some-college,Widowed,Unmarried,Female,<=50K
220-22-0220,32.0,Some-college,Divorced,Own-child,Male,<=50K
368-36-8368,24.0,HS-grad,Never-married,,Male,
353-35-3353,36.0,Assoc-voc,,Husband,Male,
897-89-7897,33.0,HS-grad,Married-civ-spouse,,Male,<=50K
566-56-6566,,,,Husband,Male,<=50K
637-63-7637,26.0,Bachelors,Never-married,Own-child,,<=50K
277-27-7277,22.0,Some-college,Never-married,Not-in-family,,<=50K
120-12-0120,31.0,7th-8th,Separated,Other-relative,Female,<=50K
307-30-7307,36.0,HS-grad,,Not-in-family,Male,<=50K
498-49-8498,44.0,HS-grad,Married-civ-spouse,Husband,,<=50K
109-10-9109,40.0,Bachelors,,Husband,Male,
153-15-3153,19.0,Some-college,Married-civ-spouse,Other-relative,Male,<=50K
468-46-8468,59.0,HS-grad,Divorced,,Female,
169-16-9169,48.0,,,Not-in-family,Male,
395-39-5395,63.0,Bachelors,Married-civ-spouse,Husband,,
538-53-8538,,,Married-civ-spouse,Husband,,
448-44-8448,44.0,,Married-civ-spouse,Husband,Male,
257-25-7257,52.0,,Married-civ-spouse,Husband,Male,
677-67-7677,59.0,,Married-civ-spouse,Husband,Male,
009-00-9009,45.0,Some-college,Married-civ-spouse,Husband,Male,<=50K
350-35-0350,38.0,Bachelors,Married-civ-spouse,Husband,Male,
078-07-8078,51.0,,Married-civ-spouse,Husband,Male,
783-78-3783,48.0,HS-grad,,,Female,<=50K
462-46-2462,48.0,Masters,Married-civ-spouse,Husband,,>50K
081-08-1081,39.0,HS-grad,Never-married,Own-child,Male,
344-34-4344,23.0,HS-grad,Never-married,,Female,
268-26-8268,59.0,Bachelors,Never-married,Not-in-family,Female,>50K
644-64-4644,,Some-college,Married-civ-spouse,Husband,Male,
233-23-3233,26.0,Some-college,Married-civ-spouse,Husband,,<=50K
838-83-8838,,,Never-married,Not-in-family,Female,<=50K
928-92-8928,36.0,Some-college,Married-spouse-absent,Other-relative,Male,<=50K
087-08-7087,34.0,HS-grad,Never-married,Not-in-family,,<=50K
914-91-4914,37.0,,Divorced,,Female,
962-96-2962,41.0,,,Wife,Female,>50K
895-89-5895,29.0,Some-college,,,Female,<=50K
097-09-7097,,Bachelors,Married-civ-spouse,Husband,,>50K
140-14-0140,48.0,,,,Male,
289-28-9289,38.0,Masters,Never-married,Not-in-family,Male,<=50K
596-59-6596,36.0,HS-grad,Married-civ-spouse,,Male,
791-79-1791,38.0,,Divorced,Unmarried,Female,
252-25-2252,39.0,Some-college,Divorced,,,<=50K
183-18-3183,36.0,,Married-civ-spouse,Wife,,<=50K
149-14-9149,31.0,Masters,,Not-in-family,Male,
142-14-2142,28.0,Bachelors,Never-married,Not-in-family,,
990-99-0990,23.0,Assoc-acdm,,Not-in-family,Female,<=50K
806-80-6806,32.0,5th-6th,,Not-in-family,Male,
831-83-1831,44.0,,Married-civ-spouse,Husband,Male,>50K
280-28-0280,28.0,Assoc-acdm,Never-married,Not-in-family,Male,
866-86-6866,43.0,,Divorced,Unmarried,Female,<=50K
434-43-4434,23.0,,Married-civ-spouse,Husband,Male,<=50K
328-32-8328,,HS-grad,Never-married,Other-relative,Male,<=50K
567-56-7567,39.0,Bachelors,Married-civ-spouse,Husband,Male,
310-31-0310,57.0,Doctorate,Married-civ-spouse,Husband,,
479-47-9479,45.0,HS-grad,Married-civ-spouse,Husband,,<=50K
774-77-4774,38.0,Assoc-acdm,Married-civ-spouse,,,>50K
887-88-7887,38.0,HS-grad,,Husband,,
792-79-2792,,Some-college,Married-civ-spouse,Husband,Male,<=50K
456-45-6456,21.0,Some-college,Never-married,Own-child,,
130-13-0130,32.0,HS-grad,,Husband,,<=50K
627-62-7627,,,Married-civ-spouse,,,
141-14-1141,41.0,,Divorced,Unmarried,Female,
609-60-9609,43.0,HS-grad,,,Female,
797-79-7797,53.0,,Never-married,Other-relative,,
957-95-7957,41.0,,Married-civ-spouse,Husband,Male,<=50K
218-21-8218,23.0,Some-college,Never-married,Own-child,Male,<=50K
651-65-1651,40.0,HS-grad,Married-civ-spouse,,,
531-53-1531,42.0,Some-college,,Other-relative,Female,<=50K
276-27-6276,36.0,HS-grad,Married-civ-spouse,Husband,,
304-30-4304,17.0,,,,Female,<=50K
347-34-7347,48.0,,,Not-in-family,,
215-21-5215,62.0,Masters,Married-civ-spouse,Husband,Male,
052-05-2052,69.0,Bachelors,,Husband,Male,
281-28-1281,62.0,,Widowed,Not-in-family,Female,>50K
300-30-0300,49.0,Masters,Divorced,,Female,<=50K
075-07-5075,26.0,Bachelors,Never-married,Not-in-family,,<=50K
152-15-2152,26.0,HS-grad,Never-married,Not-in-family,Male,
602-60-2602,41.0,,Divorced,Not-in-family,,
068-06-8068,,HS-grad,Married-civ-spouse,,,
678-67-8678,,,Never-married,,Female,<=50K
960-96-0960,44.0,,Divorced,,,<=50K
556-55-6556,21.0,11th,Never-married,Not-in-family,Female,
057-05-7057,42.0,Some-college,Never-married,,,
028-02-8028,51.0,HS-grad,,,Male,<=50K
231-23-1231,49.0,HS-grad,Divorced,Unmarried,Female,
176-17-6176,44.0,HS-grad,Married-civ-spouse,Husband,,
308-30-8308,,,,Husband,,
192-19-2192,53.0,Some-college,Married-civ-spouse,Husband,Male,
240-24-0240,33.0,HS-grad,Married-civ-spouse,,Male,>50K
873-87-3873,58.0,HS-grad,Married-civ-spouse,Husband,Male,>50K
529-52-9529,29.0,HS-grad,,Not-in-family,,>50K
581-58-1581,50.0,Bachelors,Divorced,Not-in-family,Male,
348-34-8348,23.0,,Never-married,,Female,<=50K
298-29-8298,28.0,,Never-married,,,<=50K
432-43-2432,37.0,11th,,Husband,,
254-25-4254,,Masters,Never-married,Not-in-family,,>50K
099-09-9099,58.0,HS-grad,Married-civ-spouse,,Male,
695-69-5695,,,Divorced,,,<=50K
835-83-5835,50.0,Bachelors,Married-civ-spouse,Husband,Male,>50K
317-31-7317,40.0,HS-grad,Married-civ-spouse,Husband,,>50K
405-40-5405,28.0,Bachelors,Married-civ-spouse,Husband,,
137-13-7137,49.0,Some-college,Married-civ-spouse,Husband,Male,>50K
330-33-0330,54.0,HS-grad,Never-married,Not-in-family,,
251-25-1251,89.0,Masters,Married-civ-spouse,Husband,,<=50K
351-35-1351,,9th,Never-married,Own-child,,<=50K
224-22-4224,52.0,HS-grad,,Husband,Male,<=50K
810-81-0810,31.0,Some-college,,Own-child,,
945-94-5945,41.0,,Married-civ-spouse,Husband,,
114-11-4114,51.0,HS-grad,Divorced,,Male,>50K
649-64-9649,35.0,,Never-married,,,
546-54-6546,66.0,,,Not-in-family,Male,<=50K
041-04-1041,,,Married-civ-spouse,Husband,Male,
786-78-6786,44.0,Masters,Married-civ-spouse,Husband,Male,
003-00-3003,30.0,,Never-married,Not-in-family,Female,>50K
370-37-0370,48.0,,Married-civ-spouse,Husband,,
401-40-1401,31.0,Some-college,Never-married,Own-child,Female,
318-31-8318,28.0,,Never-married,Not-in-family,Male,<=50K
662-66-2662,,,Never-married,Not-in-family,Male,<=50K
789-78-9789,42.0,Doctorate,,,Female,<=50K
102-10-2102,39.0,Assoc-voc,Never-married,Unmarried,,>50K
239-23-9239,23.0,Assoc-voc,Never-married,,,
226-22-6226,,Bachelors,Divorced,Not-in-family,,
931-93-1931,26.0,Assoc-voc,Never-married,,Male,<=50K
165-16-5165,31.0,Bachelors,Never-married,,Female,<=50K
541-54-1541,29.0,9th,Separated,Not-in-family,Male,<=50K
388-38-8388,22.0,,Never-married,Own-child,Male,
309-30-9309,35.0,,,Husband,Male,
489-48-9489,25.0,10th,Never-married,,,<=50K
360-36-0360,28.0,Assoc-acdm,,Husband,,
416-41-6416,41.0,Masters,,Husband,Male,<=50K
726-72-6726,61.0,HS-grad,Married-civ-spouse,Husband,Male,
815-81-5815,56.0,HS-grad,,Not-in-family,,<=50K
501-50-1501,30.0,HS-grad,,Wife,Female,<=50K
559-55-9559,42.0,,Never-married,Other-relative,Male,>50K
107-10-7107,18.0,9th,Divorced,Not-in-family,Female,
059-05-9059,46.0,HS-grad,,Husband,Male,>50K
411-41-1411,22.0,,Never-married,Not-in-family,Male,<=50K
442-44-2442,47.0,Some-college,Married-civ-spouse,Husband,,
829-82-9829,28.0,HS-grad,Married-civ-spouse,Husband,Male,
103-10-3103,28.0,Some-college,Married-civ-spouse,,Male,<=50K
194-19-4194,,Bachelors,Married-civ-spouse,Husband,,<=50K
785-78-5785,24.0,,,,Male,
049-04-9049,58.0,5th-6th,Widowed,,,<=50K
393-39-3393,33.0,HS-grad,Married-civ-spouse,Husband,Male,<=50K
472-47-2472,18.0,Assoc-voc,Never-married,Own-child,Female,
430-43-0430,54.0,Bachelors,Married-civ-spouse,Husband,Male,>50K
339-33-9339,54.0,Masters,Divorced,Unmarried,,
060-06-0060,37.0,,Never-married,Own-child,Female,<=50K
941-94-1941,36.0,,,,Male,>50K
570-57-0570,34.0,Assoc-voc,Divorced,Not-in-family,Female,<=50K
920-92-0920,43.0,,Married-civ-spouse,,,>50K
020-02-0020,29.0,HS-grad,,Husband,Male,>50K
302-30-2302,45.0,7th-8th,Married-civ-spouse,Husband,Male,<=50K
158-15-8158,42.0,Assoc-acdm,Divorced,Unmarried,,<=50K
053-05-3053,25.0,HS-grad,,Not-in-family,Female,
260-26-0260,60.0,Bachelors,,Husband,Male,
734-73-4734,43.0,,Married-civ-spouse,Husband,Male,>50K
212-21-2212,22.0,HS-grad,Married-civ-spouse,,,<=50K
216-21-6216,34.0,,Never-married,Not-in-family,Male,
763-76-3763,61.0,,Married-civ-spouse,,Male,
446-44-6446,42.0,HS-grad,Married-civ-spouse,Wife,,
976-97-6976,28.0,Bachelors,,Not-in-family,,<=50K
736-73-6736,19.0,,Never-married,Not-in-family,Female,
728-72-8728,23.0,,Never-married,Other-relative,Male,
694-69-4694,28.0,5th-6th,,,Female,<=50K
978-97-8978,46.0,Masters,Married-civ-spouse,Wife,Female,<=50K
106-10-6106,46.0,Bachelors,,Husband,,
010-01-0010,41.0,,Never-married,Unmarried,Female,>50K
245-24-5245,65.0,Some-college,,,Male,
667-66-7667,32.0,Bachelors,Divorced,Unmarried,Female,
207-20-7207,32.0,Bachelors,Married-civ-spouse,Husband,Male,>50K
772-77-2772,60.0,HS-grad,,Not-in-family,,>50K
474-47-4474,55.0,,Married-civ-spouse,Husband,Male,<=50K
688-68-8688,24.0,Bachelors,Never-married,Not-in-family,Female,
294-29-4294,,HS-grad,Married-civ-spouse,,Male,
299-29-9299,37.0,,Never-married,,,
361-36-1361,28.0,,Married-civ-spouse,Husband,Male,<=50K
735-73-5735,33.0,Masters,Never-married,Not-in-family,Female,<=50K
234-23-4234,20.0,,,Own-child,Female,<=50K
805-80-5805,27.0,HS-grad,Married-civ-spouse,,Male,
312-31-2312,,Bachelors,Married-civ-spouse,Husband,,<=50K
902-90-2902,61.0,HS-grad,Married-civ-spouse,Husband,,
840-84-0840,,HS-grad,Married-civ-spouse,,,
747-74-7747,36.0,Some-college,Never-married,Not-in-family,Female,<=50K
802-80-2802,59.0,HS-grad,Married-civ-spouse,,Male,>50K
156-15-6156,43.0,Bachelors,Married-civ-spouse,Husband,Male,
856-85-6856,20.0,,,Own-child,Male,<=50K
893-89-3893,35.0,Doctorate,Never-married,Not-in-family,,<=50K
981-98-1981,58.0,Masters,Never-married,Not-in-family,Female,<=50K
991-99-1991,26.0,Bachelors,,Not-in-family,Female,<=50K
146-14-6146,30.0,Assoc-voc,,Not-in-family,Female,
320-32-0320,55.0,,Divorced,Not-in-family,Female,
714-71-4714,30.0,Some-college,,,Female,<=50K
676-67-6676,43.0,Prof-school,Married-spouse-absent,Unmarried,,
324-32-4324,55.0,Bachelors,Divorced,Unmarried,,
619-61-9619,33.0,,,Husband,Male,<=50K
929-92-9929,19.0,,,Own-child,Male,<=50K
496-49-6496,41.0,HS-grad,Married-civ-spouse,,,
561-56-1561,,Some-college,,,Male,
297-29-7297,58.0,Bachelors,Divorced,Not-in-family,,
362-36-2362,51.0,,Divorced,,Male,
946-94-6946,,Bachelors,Married-civ-spouse,Wife,,
394-39-4394,39.0,,Married-civ-spouse,Husband,,>50K
875-87-5875,,HS-grad,Married-civ-spouse,,Male,<=50K
770-77-0770,56.0,Some-college,Divorced,Not-in-family,Female,<=50K
782-78-2782,43.0,Masters,Divorced,Not-in-family,Female,
851-85-1851,53.0,HS-grad,Married-spouse-absent,Not-in-family,Male,
560-56-0560,22.0,HS-grad,Never-married,Own-child,Female,<=50K
583-58-3583,40.0,,,Own-child,,>50K
327-32-7327,,,Never-married,Not-in-family,Male,
645-64-5645,38.0,,Married-civ-spouse,,,<=50K
591-59-1591,30.0,Some-college,Married-spouse-absent,Own-child,,
379-37-9379,31.0,Assoc-voc,,Not-in-family,,<=50K
319-31-9319,,HS-grad,Divorced,Not-in-family,Male,<=50K
190-19-0190,,,Divorced,,,>50K
338-33-8338,44.0,Masters,Never-married,Not-in-family,,>50K
122-12-2122,38.0,,Married-civ-spouse,Husband,,
659-65-9659,43.0,Masters,Married-civ-spouse,Husband,Male,>50K
700-70-0700,19.0,HS-grad,Never-married,,Male,
271-27-1271,39.0,7th-8th,Married-civ-spouse,,Male,>50K
744-74-4744,71.0,,Married-civ-spouse,Husband,,<=50K
719-71-9719,55.0,HS-grad,,Not-in-family,,>50K
314-31-4314,38.0,,Married-civ-spouse,Husband,Male,
459-45-9459,49.0,Masters,,Husband,,
526-52-6526,27.0,,Never-married,,Male,<=50K
282-28-2282,58.0,HS-grad,,Husband,Male,
168-16-8168,24.0,11th,Never-married,,Female,<=50K
656-65-6656,43.0,Some-college,Married-civ-spouse,Husband,,<=50K
654-65-4654,30.0,HS-grad,Married-civ-spouse,,Male,<=50K
517-51-7517,19.0,,Never-married,Own-child,Male,
808-80-8808,29.0,Some-college,Never-married,Not-in-family,Female,<=50K
951-95-1951,19.0,Some-college,,Not-in-family,Female,<=50K
973-97-3973,55.0,HS-grad,,Wife,Female,<=50K
518-51-8518,50.0,Some-college,Never-married,Not-in-family,Female,
481-48-1481,35.0,1st-4th,Never-married,Unmarried,Male,<=50K
811-81-1811,19.0,,,Other-relative,Female,
088-08-8088,22.0,Some-college,,Not-in-family,Male,<=50K
994-99-4994,41.0,,,,Male,<=50K
329-32-9329,21.0,Bachelors,Never-married,Own-child,Female,<=50K
428-42-8428,28.0,,Never-married,,,<=50K
424-42-4424,48.0,Masters,,Unmarried,Female,<=50K
565-56-5565,35.0,Some-college,Married-civ-spouse,Husband,,
357-35-7357,52.0,HS-grad,Married-civ-spouse,,,<=50K
413-41-3413,36.0,Masters,,Husband,Male,<=50K
767-76-7767,38.0,1st-4th,Never-married,,Male,>50K
042-04-2042,42.0,Bachelors,Married-civ-spouse,Husband,Male,
203-20-3203,23.0,Some-college,Never-married,Not-in-family,,
232-23-2232,34.0,,Married-civ-spouse,Husband,Male,
306-30-6306,41.0,HS-grad,Divorced,Not-in-family,,>50K
187-18-7187,29.0,Bachelors,Separated,,Female,
870-87-0870,53.0,,,Husband,Male,<=50K
185-18-5185,,HS-grad,Married-civ-spouse,Husband,Male,
992-99-2992,49.0,HS-grad,Divorced,Not-in-family,,
612-61-2612,23.0,,Married-civ-spouse,,Male,<=50K
986-98-6986,40.0,,,Husband,Male,
563-56-3563,48.0,Prof-school,Married-civ-spouse,Husband,,<=50K
441-44-1441,56.0,,Married-civ-spouse,Husband,,
709-70-9709,57.0,,,Unmarried,Female,
200-20-0200,36.0,,Never-married,Not-in-family,,<=50K
371-37-1371,,Bachelors,,Husband,,<=50K
341-34-1341,46.0,,Divorced,Unmarried,Female,<=50K
021-02-1021,30.0,,Never-married,Not-in-family,Male,
228-22-8228,48.0,HS-grad,Separated,Unmarried,Female,<=50K
886-88-6886,44.0,,Married-civ-spouse,,,<=50K
863-86-3863,28.0,HS-grad,Married-civ-spouse,Husband,,
663-66-3663,51.0,,Married-civ-spouse,,Male,
435-43-5435,56.0,,,Husband,,<=50K
259-25-9259,41.0,HS-grad,Married-civ-spouse,Husband,Male,
655-65-5655,77.0,HS-grad,Married-civ-spouse,Husband,Male,
285-28-5285,72.0,,Widowed,Not-in-family,,<=50K
857-85-7857,22.0,,Never-married,Not-in-family,Female,
885-88-5885,33.0,,,Other-relative,Female,
008-00-8008,20.0,Some-college,Never-married,,,
833-83-3833,33.0,,,,,<=50K
731-73-1731,41.0,,,Husband,,<=50K
606-60-6606,45.0,,Never-married,Own-child,,>50K
795-79-5795,31.0,HS-grad,Married-civ-spouse,Husband,,
236-23-6236,31.0,Bachelors,Separated,Not-in-family,Male,
614-61-4614,40.0,Assoc-acdm,,Not-in-family,,<=50K
383-38-3383,,HS-grad,Never-married,Not-in-family,,<=50K
241-24-1241,32.0,Some-college,,Not-in-family,Male,
604-60-4604,46.0,Bachelors,,Unmarried,Female,<=50K
035-03-5035,34.0,HS-grad,Married-civ-spouse,Husband,Male,
469-46-9469,64.0,HS-grad,Married-civ-spouse,,Male,<=50K
979-97-9979,29.0,,Married-civ-spouse,Wife,,
098-09-8098,51.0,HS-grad,Married-civ-spouse,Husband,Male,
225-22-5225,60.0,,,,,
600-60-0600,27.0,,Never-married,Not-in-family,Female,
444-44-4444,40.0,Masters,Divorced,,,<=50K
658-65-8658,49.0,HS-grad,Married-civ-spouse,Husband,Male,>50K
313-31-3313,22.0,,Never-married,Own-child,Male,<=50K
461-46-1461,62.0,,Married-civ-spouse,Husband,Male,<=50K
775-77-5775,23.0,,,Husband,Male,
876-87-6876,20.0,Assoc-voc,Never-married,Own-child,Female,
376-37-6376,18.0,10th,Never-married,,,<=50K
387-38-7387,28.0,,Married-civ-spouse,,Male,
356-35-6356,52.0,Some-college,Divorced,Unmarried,Female,<=50K
605-60-5605,21.0,,Never-married,Own-child,,<=50K
553-55-3553,46.0,Some-college,,,Male,>50K
852-85-2852,43.0,Bachelors,,Not-in-family,,>50K
524-52-4524,34.0,10th,Never-married,,Female,
455-45-5455,32.0,HS-grad,Never-married,,Male,>50K
214-21-4214,,Bachelors,Married-civ-spouse,Husband,,
006-00-6006,28.0,Some-college,Never-married,,,<=50K
618-61-8618,53.0,HS-grad,,Husband,Male,>50K
044-04-4044,33.0,Some-college,Never-married,Not-in-family,Female,<=50K
138-13-8138,35.0,Bachelors,,Husband,Male,<=50K
715-71-5715,47.0,,Widowed,Not-in-family,Female,
425-42-5425,,HS-grad,,Wife,,>50K
127-12-7127,30.0,Assoc-acdm,Married-civ-spouse,Husband,,<=50K
381-38-1381,22.0,HS-grad,,Other-relative,Male,
332-33-2332,,,Never-married,,,<=50K
243-24-3243,29.0,Some-college,,Husband,Male,<=50K
000-00-0000,44.0,HS-grad,Widowed,Unmarried,,>50K
